Variable / Field Name,Form Name,Section Header,Field Type,Field Label,"Choices, Calculations, OR Slider Labels",Field Note,Text Validation Type OR Show Slider Number,Text Validation Min,Text Validation Max,Identifier?,Branching Logic (Show field only if...),Required Field?,Custom Alignment,Question Number (surveys only),Matrix Group Name,Matrix Ranking?,Field Annotation
record_id,form_1,,text,Record ID,,,,,,,,,,,,,
language,form_1,,radio,Παρακαλώ επιλέξτε γλώσσα: / Please select language:,"1, Ελληνικά / Greek|2, Αγγλικά / English",,,,,,,y,LV,,,,
logo,form_1,<center>Εισαγωγή,descriptive,<center><img/>,,,,,,,[language]=1,,,,,,
introduction,form_1,,radio,"<div class=""rich-text-field-label""><p><strong>Αγαπητέ/ή συμμετέχοντα/ουσα,</strong></p> <p><span style=""font-weight: normal;"">Σας ευχαριστούμε για το ενδιαφέρον σας για την έρευνα μας!</span><br /><br /><span style=""font-weight: normal;"">Τα φαινόμενα που συνοδεύουν την κλιματική αλλαγή έχουν πολλαπλές επιδράσεις στη ζωή και την υγεία μας.</span></p> <p>Στην Κύπρο, για παράδειγμα, τα τελευταία χρόνια παρατηρούνται καύσωνες και δασικές πυρκαγιές με μεγαλύτερη συχνότητα και μεγάλες περίοδοι χωρίς βροχή που επηρεάζουν άμεσα και τα αποθέματα νερού.</p> <p><span style=""text-decoration: underline;""><strong>Κύριος σκοπός της μελέτης:</strong></span><strong><span style=""text-decoration: underline;""> </span>                                                                                 </strong><strong> </strong></p> <p><span style=""font-weight: normal;"">Σκοπός της μελέτης είναι να μάθουμε τις </span>απόψεις των κατοίκων της Κύπρου σχετικά με τις επιπτώσεις της κλιματικής αλλαγής και των περιβαλλοντικών παραγόντων στην υγεία.<span style=""font-weight: normal;""> Ο όρος 'περιβαλλοντικοί παράγοντες' αναφέρεται σε οτιδήποτε υπάρχει στο περιβάλλον μας και δεν είναι γενετική ή βιολογική διαδικασία του σώματός μας.</span></p> <p><span style=""text-decoration: underline;""><strong>Ποιο το όφελος συμμετοχής σας στην έρευνα;</strong></span></p> <p><span style=""font-weight: normal;"">Οι απαντήσεις σας στο ερωτηματολόγιο που ακολουθεί θα αποτελέσουν τη βάση για να μπορέσουμε να συμπεριλάβουμε πιο αποτελεσματικά τους πολίτες, ισότιμα, με άλλους αρμόδιους φορείς σε μελλοντικές ερευνητικές προσπάθειες και να αναπτύξουμε πιο αποτελεσματικές πρωτοβουλίες επικοινωνίας με την κοινή γνώμη.</span></p> <p><strong><u>Σημαντικές πληροφορίες</u></strong></p> <ul> <li> <p style=""margin: 0px; padding: 0px; user-select: text; -webkit-user-drag: none; -webkit-tap-highlight-color: transparent; overflow-wrap: break-word; vertical-align: baseline; font-kerning: none; background-color: transparent; color: windowtext; text-align: justify; text-indent: 0px;"">Λεπτομέρειες οποιονδήποτε κινδύνων που πιθανόν να υπάρξουν ή ταλαιπωρία που τυχόν θα υποστούν οι συμμετέχοντες στο πρόγραμμα </p> <ul> <li> <p><span style=""font-weight: normal;"">Δεν αναμένεται κανένας κίνδυνος ή ταλαιπωρία για τους συμμετέχοντες</span></p> </li> </ul> </li> </ul> <ul> <li> <p>Λεπτομέρειες για το ποιες πληροφορίες θα συλλεγούν στα πλαίσια της ερευνητικής πρότασης, ποιος/ποιοι θα έχουν πρόσβαση σε αυτά και για πόσο χρονικό διάστημα </p> <ul> <li> <p><span style=""font-weight: normal;"">Όλα τα δεδομένα που θα συλλεχθούν θα χρησιμοποιηθούν για στατιστική επεξεργασία μαζί με τα αποτελέσματα των άλλων συμμετεχόντων στη μελέτη, χωρίς να φαίνονται τα προσωπικά σας στοιχεία.</span></p> </li> <li> <p><span style=""font-weight: normal;"">Η ανωνυμία σας θα διασφαλιστεί καθ' όλη τη διεξαγωγή της έρευνας και κατά τη δημοσιοποίηση των αποτελεσμάτων σε συνέδρια, επιστημονικά περιοδικά, κτλ. </span></p> </li> <li> <p><span style=""font-weight: normal;"">Η πλήρης βάση δεδομένων και ο κώδικας σύνδεσης των δεδομένων θα φυλάγεται σε ασφαλές μέρος με πρόσβαση σε αυτά μόνο η ερευνητική ομάδα.                                                    </span></p> </li> <li> <p><span style=""font-weight: normal;"">Τα δεδομένα που θα αποκτηθούν από την μελέτη θα αποθηκευτούν σε ασφαλή χώρο από το Διεθνές Ινστιτούτο Κύπρου για την Περιβαλλοντική και Δημόσια Υγεία για 10 χρόνια και μετά θα καταστραφούν.</span></p> </li> </ul> </li> </ul> <ul> <li> <p>Ο συνολικός χρόνος συμπλήρωσης του ερωτηματολογίου κυμαίνεται μεταξύ 8 - 10 λεπτών. </p> </li> <li> <p>Αναμενόμενο όφελος για ερευνητές ή/και χρηματοδότες </p> <ul> <li> <p><span style=""font-weight: normal;"">Η μελέτη στοχεύει στη διερεύνηση των κυπριακών αντιλήψεων σχετικά με τους κινδύνους για την υγεία που σχετίζονται με το κλίμα. Για να εξερευνηθεί το πώς έχουν αλλάξει οι αντιλήψεις με την πάροδο του χρόνου, αυτή η μελέτη θα συγκρίνει τα αποτελέσματα με την έρευνα του 2018 από το Εργαστήριο Νερού και Υγείας του Τεχνολογικού Πανεπιστημίου Κύπρου.</span></p> </li> <li> <p><span style=""font-weight: normal;"">Επομένως, αυτή η μελέτη θα συγκρίνει αποτελέσματα από δύο διαφορετικά δείγματα του ίδιου πληθυσμού σε δύο χρονικά σημεία. Επιπλέον, αυτές οι αντιλήψεις θα συγκριθούν με παράγοντες, όπως η ηλικία, η περιοχή διαμονής, το μορφωτικό επίπεδο και η αυτοαξιολογούμενη υγεία. Αυτό μπορεί να απεικονίσει τις διαφορές στην αντίληψη ανάμεσα σε έναν πληθυσμό, οι οποίες είναι πιθανό να βρεθούν και για τους τέσσερις παράγοντες. Η παρούσα μελέτη αποτελεί μέρος μιας διπλωματικής εργασίας.</span></p> </li> </ul> </li> </ul> <ul> <li> <p>Περιγραφή διαδικασιών χειρισμού δεδομένων των συμμετεχόντων που θα αποσυρθούν από τη μελέτη πριν την ολοκλήρωση της               </p> <ul> <li> <p><span style=""font-weight: normal;"">Η συλλογή των δεδομένων ακολουθεί τον γενικό κανονισμό για την προστασία δεδομένων (GDPR).</span></p> </li> <li> <p><span style=""font-weight: normal;"">Η συμπλήρωση του ερωτηματολογίου είναι εθελοντική.</span></p> </li> <li> <p><span style=""font-weight: normal;"">Κατά τη διάρκεια του ερωτηματολογίου, μπορείτε να αποσύρετε την συμμετοχή σας κλείνοντας απλά το παράθυρο. Οι απαντήσεις σας αποθηκεύονται μόνο εάν επιλέξετε την εντολή ""SUBMIT"" που εμφανίζεται στο τέλος του ερωτηματολογίου.</span></p> </li> </ul> </li> </ul> <ul> <li> <p>Η μελέτη διεξάγεται από το Διεθνές Ινστιτούτο Κύπρου για την Περιβαλλοντική και Δημόσια Υγεία του Τεχνολογικού Πανεπιστημίου Κύπρου σε συνεργασία με το μεταπτυχιακό πρόγραμμα Παγκόσμιας Υγείας του Πανεπιστημίου Μάαστριχτ (Ολλανδία).</p> </li> </ul> <ul> <li> <p>Πλήρη στοιχεία επικοινωνίας και θέση ατόμου στο οποίο οι συμμετέχοντες μπορούν να υποβάλλουν παράπονα ή καταγγελίες που αφορούν το πρόγραμμα στο οποίο συμμετέχουν </p> <ul> <li style=""user-select: text; -webkit-user-drag: none; -webkit-tap-highlight-color: transparent; overflow-wrap: break-word; vertical-align: baseline; font-kerning: none; background-color: transparent; color: windowtext; text-align: left; text-indent: 0px;""> <p><span style=""font-weight: normal;"">Δρ. Χαράλαμπος Χρυσοστόμου, Προϊστάμενος Υπηρεσίας Έρευνας Διεθνούς Συνεργασίας και Δημοσίων Σχέσεων του ΤΕΠΑΚ  </span></p> <ul> <li style=""user-select: text; -webkit-user-drag: none; -webkit-tap-highlight-color: transparent; overflow-wrap: break-word; vertical-align: baseline; font-kerning: none; background-color: transparent; color: windowtext; text-align: left; text-indent: 0px;""> <p><span style=""font-weight: normal;"">Τηλέφωνο: +357-250025</span></p> </li> </ul> </li> </ul> </li> <li style=""user-select: text; -webkit-user-drag: none; -webkit-tap-highlight-color: transparent; overflow-wrap: break-word; vertical-align: baseline; font-kerning: none; background-color: transparent; color: windowtext; text-align: left; text-indent: 0px;""> <p>Πλήρη στοιχεία επικοινωνίας και τίτλος του προσώπου με το οποίο οι συμμετέχοντες μπορούν να επικοινωνήσουν για περισσότερες πληροφορίες ή διευκρινίσεις σχετικά με τη διαχείριση των προσωπικών δεδομένων</p> </li> <li style=""list-style-type: none;""> <ul> <li style=""user-select: text; -webkit-user-drag: none; -webkit-tap-highlight-color: transparent; overflow-wrap: break-word; vertical-align: baseline; font-kerning: none; background-color: transparent; color: windowtext; text-indent: 0px; text-align: left;""> <p><span style=""font-weight: normal;"">Κα Μαρία Ιωάννου, Υπεύθυνη Προστασίας Δεδομένων του ΤΕΠΑΚ  </span></p> <ul> <li style=""user-select: text; -webkit-user-drag: none; -webkit-tap-highlight-color: transparent; overflow-wrap: break-word; vertical-align: baseline; font-kerning: none; background-color: transparent; color: windowtext; text-align: left; text-indent: 0px;""> <p><span style=""font-weight: normal;"">Τηλέφωνο: +357-25002355</span></p> </li> <li style=""user-select: text; -webkit-user-drag: none; -webkit-tap-highlight-color: transparent; overflow-wrap: break-word; vertical-align: baseline; font-kerning: none; background-color: transparent; color: windowtext; text-align: left; text-indent: 0px;""> <p><span style=""font-weight: normal;"">Email: <a style=""font-weight: normal;"" href=""mailto:gdpr.dpo@cut.ac.cy"">gdpr.dpo@cut.ac.cy</a> </span></p> </li> </ul> </li> </ul> </li> </ul> <ul> <li> <p>Πλήρη στοιχεία επικοινωνίας και θέση ατόμου στο οποίο οι συμμετέχοντες μπορούν να απευθυνθούν για περισσότερες πληροφορίες ή διευκρινήσεις για το ερευνητικό πρόγραμμα</p> <ul> <li> <p><span style=""font-weight: normal;"">Sarah Connon, Μεταπτυχιακή φοιτήτρια του προγράμματος Παγκόσμιας Υγείας του Πανεπιστημίου Μάαστριχτ (Ολλανδία)</span></p> <ul> <li> <p><span style=""font-weight: normal;"">Email: <a style=""text-indent: 36pt;"" href=""mailto:s.connon@student.maastrichtuniversity.nl"">s.connon@student.maastrichtuniversity.nl</a> </span></p> </li> </ul> </li> </ul> </li> </ul> <ul> <li style=""list-style-type: none;""> <ul> <li> <p><span style=""font-weight: normal;"">Kορίνα Κωνσταντίνου, Ερευνητική Συνεργάτιδα, Water and Health Lab</span></p> <ul> <li> <p><span style=""font-weight: normal;"">Τηλέφωνο: +357-25002282 </span></p> </li> <li> <p><span style=""font-weight: normal;"">Email: <a href=""mailto:waterandhealthlab@cut.ac.cy"">waterandhealthlab@cut.ac.cy</a></span></p> </li> </ul> </li> </ul> </li> </ul> <p><span style=""font-weight: normal;"">Αν χρειάζεστε παραπάνω πληροφορίες σχετικά με τη μελέτη και τις άλλες ερευνητικές μας δραστηριότητες, μπορείτε να επικοινωνήσετε μαζί μας μέσω της ηλεκτρονικής διεύθυνσης: <a href=""mailto:waterandhealthlab@cut.ac.cy"">waterandhealthlab@cut.ac.cy</a>.</span></p> <p><span style=""font-weight: normal;"">Αν συμφωνείτε να απαντήσετε το ερωτηματολόγιο, επιλέξτε το κουτάκι στο τέλος της σελίδας.</span><br /><br />Ευχαριστούμε πολύ!</p> <p>Sarah Connon<br /><span style=""font-weight: normal;"">MSc Global Health</span><br /><span style=""font-weight: normal;"">Maastricht University, the Netherlands</span></p> <p>Κωνσταντίνος Χ. Μακρής, PhD<br /><span style=""font-weight: normal;"">Αναπληρωτής Καθηγητής Περιβαλλοντικής Υγείας</span><br /><span style=""font-weight: normal;"">Water and Health Laboratory</span><br /><span style=""font-weight: normal;"">Διεθνές Ινστιτούτο Κύπρου για την Περιβαλλοντική και Δημόσια Υγεία</span><br /><span style=""font-weight: normal;"">Τεχνολογικό Πανεπιστήμιο Κύπρου</span></p></div>","1, Έχω διαβάσει όλες τις πιο πάνω πληροφορίες και επιθυμώ να απαντήσω το ερωτηματολόγιο.",,,,,,[language]=1,y,LV,,,,
health_status,form_1,<center>Αξιολόγηση υγείας,radio,"Γενικά, η υγεία σας είναι:","1, Άριστη|2, Πολύ καλή|3, Καλή|4, Μέτρια|5, Κακή",,,,,,[language]=1,y,LV,,,,
health_comp_to_last_year,form_1,,radio,Πώς είναι η υγεία σας τώρα σε σύγκριση με έναν χρόνο πριν:,"1, Πολύ καλύτερη|2, Κάπως καλύτερη|3, Περίπου η ίδια|4, Κάπως χειρότερη|5, Πολύ χειρότερη",,,,,,[language]=1,y,LV,,,,
demanding_activities,form_1,"Η παρακάτω λίστα περιλαμβάνει μερικές δραστηριότητες που μπορεί να κάνουμε καθημερινά. Σας περιορίζει η υγεία σας από το να κάνετε αυτές τις δραστηριότητες και, αν ναι, σε ποιο βαθμό.",radio,"Απαιτητικές δραστηριότητες, όπως τρέξιμο, ανύψωση βαριών αντικειμένων, συμμετοχή σε κουραστικά αθλήματα.","1, Ναι, η υγεία μου με περιορίζει πολύ|2, Ναι, η υγεία μου με περιορίζει λίγο|3, Όχι, η υγεία μου δεν με περιορίζει καθόλου",,,,,,[language]=1,y,,,demandingactivitiesmatrix,,
moderate_activities,form_1,,radio,"Μέτριες δραστηριότητες, όπως η μετακίνηση ενός τραπεζιού, η ώθηση μιας ηλεκτρικής σκούπας, μπόουλινγκ, γκολφ.","1, Ναι, η υγεία μου με περιορίζει πολύ|2, Ναι, η υγεία μου με περιορίζει λίγο|3, Όχι, η υγεία μου δεν με περιορίζει καθόλου",,,,,,[language]=1,y,,,demandingactivitiesmatrix,,
carry_grocery_bags,form_1,,radio,Μεταφορά τσαντών με ψώνια σπιτιού.,"1, Ναι, η υγεία μου με περιορίζει πολύ|2, Ναι, η υγεία μου με περιορίζει λίγο|3, Όχι, η υγεία μου δεν με περιορίζει καθόλου",,,,,,[language]=1,y,,,demandingactivitiesmatrix,,
stairs_levels,form_1,,radio,Να ανεβαίνω μερικούς ορόφους με τις σκάλες.,"1, Ναι, η υγεία μου με περιορίζει πολύ|2, Ναι, η υγεία μου με περιορίζει λίγο|3, Όχι, η υγεία μου δεν με περιορίζει καθόλου",,,,,,[language]=1,y,,,demandingactivitiesmatrix,,
stairs_one_level,form_1,,radio,Να ανεβαίνω έναν όροφο με σκάλες.,"1, Ναι, η υγεία μου με περιορίζει πολύ|2, Ναι, η υγεία μου με περιορίζει λίγο|3, Όχι, η υγεία μου δεν με περιορίζει καθόλου",,,,,,[language]=1,y,,,demandingactivitiesmatrix,,
body_bending,form_1,,radio,"Κάμψη σώματος, γονάτισμα, σκύψιμο.","1, Ναι, η υγεία μου με περιορίζει πολύ|2, Ναι, η υγεία μου με περιορίζει λίγο|3, Όχι, η υγεία μου δεν με περιορίζει καθόλου",,,,,,[language]=1,y,,,demandingactivitiesmatrix,,
walking_one_km,form_1,,radio,Περπάτημα για περισσότερο από 1 χιλιόμετρο.,"1, Ναι, η υγεία μου με περιορίζει πολύ|2, Ναι, η υγεία μου με περιορίζει λίγο|3, Όχι, η υγεία μου δεν με περιορίζει καθόλου",,,,,,[language]=1,y,,,demandingactivitiesmatrix,,
walking_few_plots,form_1,,radio,Περπάτημα για μερικά τετράγωνα.,"1, Ναι, η υγεία μου με περιορίζει πολύ|2, Ναι, η υγεία μου με περιορίζει λίγο|3, Όχι, η υγεία μου δεν με περιορίζει καθόλου",,,,,,[language]=1,y,,,demandingactivitiesmatrix,,
walking_one_plot,form_1,,radio,Περπάτημα για ένα τετράγωνο.,"1, Ναι, η υγεία μου με περιορίζει πολύ|2, Ναι, η υγεία μου με περιορίζει λίγο|3, Όχι, η υγεία μου δεν με περιορίζει καθόλου",,,,,,[language]=1,y,,,demandingactivitiesmatrix,,
bath,form_1,,radio,"Μπάνιο, ντύσιμο.","1, Ναι, η υγεία μου με περιορίζει πολύ|2, Ναι, η υγεία μου με περιορίζει λίγο|3, Όχι, η υγεία μου δεν με περιορίζει καθόλου",,,,,,[language]=1,y,,,demandingactivitiesmatrix,,
less_work_time,form_1,"<b><u>Κατά τις τελευταίες 4 εβδομάδες</b></u>, είχατε κάποιο από τα παρακάτω προβλήματα στη δουλειά σας ή στις καθημερινές δραστηριότητές σας, ως αποτέλεσμα της <b><u>σωματικής σας υγείας</b></u>; ",radio,Μείωση του χρόνου που αφιερώνετε στη δουλειά ή στις άλλες σας δραστηριότητες.,"1, Ναι | 2, Όχι",,,,,,[language]=1,y,,,workissueshealth,,
achieve_less,form_1,,radio,Πετύχατε λιγότερα από όσα θα θέλατε.,"1, Ναι | 2, Όχι",,,,,,[language]=1,y,,,workissueshealth,,
limit,form_1,,radio,Έχετε περιορισμούς στο να κάνετε τη δουλειά σας ή τις άλλες σας δραστηριότητες,"1, Ναι | 2, Όχι",,,,,,[language]=1,y,,,workissueshealth,,
difficulties,form_1,,radio,"Έχετε δυσκολίες να κάνετε τη δουλειά σας ή τις άλλες σας δραστηριότητες (για παράδειγμα, χρειαστήκατε χρειάστήκατε περισσότερο χρόνο)","1, Ναι | 2, Όχι",,,,,,[language]=1,y,,,workissueshealth,,
less_work_time_anx,form_1,"<b><u>Κατά τις τελευταίες 4 εβδομάδες</b></u>, είχατε κάποιο από τα παρακάτω προβλήματα στη δουλειά σας ή στις καθημερινές δραστηριότητές σας, ως αποτέλεσμα <b><u>συναισθηματικών προβλημάτων (π.χ. κατάθλιψη, άγχος)</b></u>; ",radio,Μείωση του χρόνου που αφιερώνετε στη δουλειά ή στις άλλες σας δραστηριότητες.,"1, Ναι | 2, Όχι",,,,,,[language]=1,y,,,workissuesanxiety,,
achieve_less_anx,form_1,,radio,Πετύχατε λιγότερα από όσα θα θέλατε.,"1, Ναι | 2, Όχι",,,,,,[language]=1,y,,,workissuesanxiety,,
not_focused,form_1,,radio,Δεν δουλεύετε ή δεν κάνετε τις άλλες σας δραστηριότητες με την ίδια προσοχή όπως συνήθως.,"1, Ναι | 2, Όχι",,,,,,[language]=1,y,,,workissuesanxiety,,
social_activities,form_1,,radio,"<b><u>Κατά τις τελευταίες 4 εβδομάδες</b></u>, σε τι βαθμό η σωματική υγεία ή τα συναισθηματικά σας προβλήματα επηρέασαν τις συνήθεις κοινωνικές σας δραστηριότητες με την οικογένεια, φίλους, γείτονες κλπ;
","1, Καθόλου|2, Λίγο|3, Μέτρια|4, Αρκετά|5, Πολύ",,,,,,[language]=1,y,LV,,,,
lifefull,form_1,"Οι παρακάτω ερωτήσεις αφορούν στο πως αισθάνεστε και πως είναι γενικά τα πράγματα στη ζωή σας <b><u> κατά τις τελευταίες 4 εβδομάδες</b></u>. Για κάθε ερώτηση, παρακαλώ σημειώστε την απάντηση που είναι πιο κοντά στον τρόπο που αισθάνεστε. 

Κατά τις τελευταίες 4 εβδομάδες, πόσο συχνά...",radio,Αισθανθήκατε ότι είστε 'γεμάτος/η ζωή';,"1, Συνέχεια | 2, Αρκετές φορές | 3, Μερικές φορές | 4, Λίγες φορές | 5, Ποτέ",,,,,,[language]=1,y,,,mentalhealth,,
nervus,form_1,,radio,Ήσασταν νευρικός/η;,"1, Συνέχεια | 2, Αρκετές φορές | 3, Μερικές φορές | 4, Λίγες φορές | 5, Ποτέ",,,,,,[language]=1,y,,,mentalhealth,,
not_satisfied,form_1,,radio,Αισθανθήκατε τόσο καταβεβλημένος/η που τίποτα δε μπορούσε να σας ευχαριστήσει;,"1, Συνέχεια | 2, Αρκετές φορές | 3, Μερικές φορές | 4, Λίγες φορές | 5, Ποτέ",,,,,,[language]=1,y,,,mentalhealth,,
calm,form_1,,radio,Αισθανθήκατε ήρεμος/η;,"1, Συνέχεια | 2, Αρκετές φορές | 3, Μερικές φορές | 4, Λίγες φορές | 5, Ποτέ",,,,,,[language]=1,y,,,mentalhealth,,
energetic,form_1,,radio,Αισθανθήκατε ότι έχετε πολλή ενέργεια;,"1, Συνέχεια | 2, Αρκετές φορές | 3, Μερικές φορές | 4, Λίγες φορές | 5, Ποτέ",,,,,,[language]=1,y,,,mentalhealth,,
melancholy,form_1,,radio,Αισθανθήκατε κακόκεφος/η και μελαγχολικός/η;,"1, Συνέχεια | 2, Αρκετές φορές | 3, Μερικές φορές | 4, Λίγες φορές | 5, Ποτέ",,,,,,[language]=1,y,,,mentalhealth,,
exhausted,form_1,,radio,Αισθανθήκατε εξουθενωμένος/η;,"1, Συνέχεια | 2, Αρκετές φορές | 3, Μερικές φορές | 4, Λίγες φορές | 5, Ποτέ",,,,,,[language]=1,y,,,mentalhealth,,
happy,form_1,,radio,Αισθανθήκατε χαρούμενος/η;,"1, Συνέχεια | 2, Αρκετές φορές | 3, Μερικές φορές | 4, Λίγες φορές | 5, Ποτέ",,,,,,[language]=1,y,,,mentalhealth,,
tired,form_1,,radio,Αισθανθήκατε κουρασμένος/η;,"1, Συνέχεια | 2, Αρκετές φορές | 3, Μερικές φορές | 4, Λίγες φορές | 5, Ποτέ",,,,,,[language]=1,y,,,mentalhealth,,
social_contacts,form_1,,radio,"<b><U>Κατά τις τελευταίες 4 εβδομάδες</b></u>, πόσο συχνά η σωματική σας υγεία ή τα συναισθηματικά σας προβλήματα δεν σας επέτρεψαν να έχετε κοινωνικές επαφές (πχ. να επισκεφθείτε φίλους, συγγενείς, κλπ.);","1, Συνέχεια|2, Αρκετές φορές|3, Μερικές φορές|4, Λίγες φορές|5, Ποτέ",,,,,,[language]=1,y,LV,,,,
sick,form_1,Πόσο αληθείς ή ψευδείς είναι οι παρακάτω δηλώσεις για εσάς;,radio,Αρρωσταίνω πιο εύκολα απ' ότι οι άλλοι άνθρωποι.,"1, Απολύτως αληθής|2, Κυρίως αληθής|3, Δεν γνωρίζω|4, Κυρίως ψευδής|5, Απολύτως ψευδής",,,,,,[language]=1,y,,,truefalsematrix,,
healthy,form_1,,radio,Είμαι τόσο υγιής όσο και οι άλλοι.,"1, Απολύτως αληθής|2, Κυρίως αληθής|3, Δεν γνωρίζω|4, Κυρίως ψευδής|5, Απολύτως ψευδής",,,,,,[language]=1,y,,,truefalsematrix,,
worse_health,form_1,,radio,Αναμένω ότι η υγεία μου θα χειροτερέψει.,"1, Απολύτως αληθής|2, Κυρίως αληθής|3, Δεν γνωρίζω|4, Κυρίως ψευδής|5, Απολύτως ψευδής",,,,,,[language]=1,y,,,truefalsematrix,,
perfect_health,form_1,,radio,Η υγεία μου είναι άριστη.,"1, Απολύτως αληθής|2, Κυρίως αληθής|3, Δεν γνωρίζω|4, Κυρίως ψευδής|5, Απολύτως ψευδής",,,,,,[language]=1,y,,,truefalsematrix,,
climate_change,form_1,<center>Περιβαλλοντικοί κίνδυνοι για την υγεία,radio,Παρατηρείτε στοιχεία της κλιματικής αλλαγής στον πλανήτη;,"1, Όχι, καθόλου|2, Λίγο/Λίγα στοιχεία|3, Περίπου/Μέτρια στοιχεία|4, Αρκετά/Αρκετά στοιχεία|5, Πάρα πολύ/ Πάρα πολλά στοιχεία",,,,,,[language]=1,y,LV,,,,
accidents,form_1,"Σκεφτόμενος/-η περιβαλλοντικούς παράγοντες όπως η κλιματική αλλαγή, η μόλυνση, τα (τοξικά) απόβλητα, πόσο συχνά πιστεύετε ότι θα προκύπτουν τα παρακάτω προβλήματα υγείας το 2031 (σε 10 χρόνια) σε σύγκριση με τώρα, στην Κύπρο;",radio,Αριθμός ασθενών με φυσικούς τραυματισμούς (π.χ. ατυχήματα).,"1, Πολύ πιο συχνά|2, Κάπως πιο συχνά|3, Ίδια συχνότητα|4, Κάπως λιγότερο συχνά|5, Πολύ λιγότερο συχνά",,,,,,[language]=1,y,,,patients_matrix,,
asthma_patients,form_1,,radio,Αριθμός ασθενών με άσθμα.,"1, Πολύ πιο συχνά|2, Κάπως πιο συχνά|3, Ίδια συχνότητα|4, Κάπως λιγότερο συχνά|5, Πολύ λιγότερο συχνά",,,,,,[language]=1,y,,,patients_matrix,,
cancer_patients,form_1,,radio,Αριθμός ασθενών με καρκίνο/κακοήθειες.,"1, Πολύ πιο συχνά|2, Κάπως πιο συχνά|3, Ίδια συχνότητα|4, Κάπως λιγότερο συχνά|5, Πολύ λιγότερο συχνά",,,,,,[language]=1,y,,,patients_matrix,,
obese_people,form_1,,radio,Αριθμός παχύσαρκων ατόμων.,"1, Πολύ πιο συχνά|2, Κάπως πιο συχνά|3, Ίδια συχνότητα|4, Κάπως λιγότερο συχνά|5, Πολύ λιγότερο συχνά",,,,,,[language]=1,y,,,patients_matrix,,
type2_diabetes,form_1,,radio,Αριθμός ατόμων με διαβήτη τύπου ΙΙ.,"1, Πολύ πιο συχνά|2, Κάπως πιο συχνά|3, Ίδια συχνότητα|4, Κάπως λιγότερο συχνά|5, Πολύ λιγότερο συχνά",,,,,,[language]=1,y,,,patients_matrix,,
hypertension_patients,form_1,,radio,Αριθμός ατόμων με υπέρταση.,"1, Πολύ πιο συχνά|2, Κάπως πιο συχνά|3, Ίδια συχνότητα|4, Κάπως λιγότερο συχνά|5, Πολύ λιγότερο συχνά",,,,,,[language]=1,y,,,patients_matrix,,
infectious_diseases,form_1,,radio,Αριθμός ατόμων με μολυσματικές ασθένειες.,"1, Πολύ πιο συχνά|2, Κάπως πιο συχνά|3, Ίδια συχνότητα|4, Κάπως λιγότερο συχνά|5, Πολύ λιγότερο συχνά",,,,,,[language]=1,y,,,patients_matrix,,
mental_health,form_1,,radio,Αριθμός ατόμων με ψυχικές ασθένειες.,"1, Πολύ πιο συχνά|2, Κάπως πιο συχνά|3, Ίδια συχνότητα|4, Κάπως λιγότερο συχνά|5, Πολύ λιγότερο συχνά",,,,,,[language]=1,y,,,patients_matrix,,
increase_temp,form_1,Σε ποιο βαθμό πιστεύετε ότι επηρεάζονται οι παρακάτω παράγοντες από την κλιματική αλλαγή;,radio,Αύξηση θερμοκρασιών,"1, Επηρεάζονται έντονα|2, Επηρεάζονται αρκετά|3, Επηρεάζονται μερικώς|4, Επηρεάζονται λίγο|5, Δεν επηρεάζονται καθόλου",,,,,,[language]=1,y,,,factorsclimate,,
extreme_weather,form_1,,radio,Ακραία καιρικά φαινόμενα,"1, Επηρεάζονται έντονα|2, Επηρεάζονται αρκετά|3, Επηρεάζονται μερικώς|4, Επηρεάζονται λίγο|5, Δεν επηρεάζονται καθόλου",,,,,,[language]=1,y,,,factorsclimate,,
atmospheric_pollution,form_1,,radio,Ατμοσφαιρική ρύπανση,"1, Επηρεάζονται έντονα|2, Επηρεάζονται αρκετά|3, Επηρεάζονται μερικώς|4, Επηρεάζονται λίγο|5, Δεν επηρεάζονται καθόλου",,,,,,[language]=1,y,,,factorsclimate,,
water_pollution,form_1,,radio,Ρύπανση του νερού,"1, Επηρεάζονται έντονα|2, Επηρεάζονται αρκετά|3, Επηρεάζονται μερικώς|4, Επηρεάζονται λίγο|5, Δεν επηρεάζονται καθόλου",,,,,,[language]=1,y,,,factorsclimate,,
food_contamination,form_1,,radio,Μόλυνση των τροφίμων,"1, Επηρεάζονται έντονα|2, Επηρεάζονται αρκετά|3, Επηρεάζονται μερικώς|4, Επηρεάζονται λίγο|5, Δεν επηρεάζονται καθόλου",,,,,,[language]=1,y,,,factorsclimate,,
soil_pollution,form_1,,radio,Ρύπανση του εδάφους,"1, Επηρεάζονται έντονα|2, Επηρεάζονται αρκετά|3, Επηρεάζονται μερικώς|4, Επηρεάζονται λίγο|5, Δεν επηρεάζονται καθόλου",,,,,,[language]=1,y,,,factorsclimate,,
radiation,form_1,,radio,Επίπεδα ακτινοβολίας,"1, Επηρεάζονται έντονα|2, Επηρεάζονται αρκετά|3, Επηρεάζονται μερικώς|4, Επηρεάζονται λίγο|5, Δεν επηρεάζονται καθόλου",,,,,,[language]=1,y,,,factorsclimate,,
worst_effect,form_1,,checkbox,"Επιλέξτε 5 από τους παρακάτω παράγοντες που, κατά τη γνώμη σας, έχουν τη χειρότερη επίδραση στην υγεία σας.","1, Ατμοσφαιρική ρύπανση|2, Λειψυδρία|3, Χημικά στο νερό και τα τρόφιμα|4, (τοξικά) Απόβλητα|5, Ρύπανση των αγροτικών περιοχών|6, Εξάντληση φυσικών πόρων|7, Ηχορύπανση|8, Μείωση βιοποικιλότητας|9, Καταναλωτικές συνήθειες|10, Υποβάθμιση του εδάφους|11, Ξένα/επεμβατικά είδη|12, Πλημμύρες|13, Ρύπανση του νερού",,,,,,[language]=1,y,LV,,,,
factors_affecting_health,form_1,,radio,Πόσο σημαντικοί πιστεύετε ότι είναι οι περιβαλλοντικοί παράγοντες στην ανάπτυξη/πρόκληση ασθενειών;,"1, Πολύ σημαντικοί|2, Κάπως σημαντικοί|3, Όχι και τόσο σημαντικοί|4, Καθόλου σημαντικοί|5, Δεν γνωρίζω",,,,,,[language]=1,y,LV,,,,
atmospheric_pollution_h,form_1,Πόσο επικίνδυνες για την υγεία σας πιστεύετε ότι είναι οι παρακάτω περιβαλλοντικές εκθέσεις;,radio,Aτμοσφαιρική ρύπανση,"1, Πολύ σοβαρός κίνδυνος|2, Κάπως σοβαρός κίνδυνος|3, Κάπως μικρός κίνδυνος|4, Καθόλου κίνδυνος|5, Δεν γνωρίζω",,,,,,[language]=1,y,,,danger_health,,
water_pollution_h,form_1,,radio,Ρύπανση του νερού,"1, Πολύ σοβαρός κίνδυνος|2, Κάπως σοβαρός κίνδυνος|3, Κάπως μικρός κίνδυνος|4, Καθόλου κίνδυνος|5, Δεν γνωρίζω",,,,,,[language]=1,y,,,danger_health,,
chemicals,form_1,,radio,Χημικά στο νερό και τα τρόφιμα,"1, Πολύ σοβαρός κίνδυνος|2, Κάπως σοβαρός κίνδυνος|3, Κάπως μικρός κίνδυνος|4, Καθόλου κίνδυνος|5, Δεν γνωρίζω",,,,,,[language]=1,y,,,danger_health,,
waste,form_1,,radio,(Tοξικά) Aπόβλητα,"1, Πολύ σοβαρός κίνδυνος|2, Κάπως σοβαρός κίνδυνος|3, Κάπως μικρός κίνδυνος|4, Καθόλου κίνδυνος|5, Δεν γνωρίζω",,,,,,[language]=1,y,,,danger_health,,
heatwave,form_1,,radio,Kαύσωνας,"1, Πολύ σοβαρός κίνδυνος|2, Κάπως σοβαρός κίνδυνος|3, Κάπως μικρός κίνδυνος|4, Καθόλου κίνδυνος|5, Δεν γνωρίζω",,,,,,[language]=1,y,,,danger_health,,
floods,form_1,,radio,Πλημμύρες,"1, Πολύ σοβαρός κίνδυνος|2, Κάπως σοβαρός κίνδυνος|3, Κάπως μικρός κίνδυνος|4, Καθόλου κίνδυνος|5, Δεν γνωρίζω",,,,,,[language]=1,y,,,danger_health,,
water_scarcity,form_1,,radio,Λειψυδρία,"1, Πολύ σοβαρός κίνδυνος|2, Κάπως σοβαρός κίνδυνος|3, Κάπως μικρός κίνδυνος|4, Καθόλου κίνδυνος|5, Δεν γνωρίζω",,,,,,[language]=1,y,,,danger_health,,
rural_pollution,form_1,,radio,Ρύπανση των αγροτικών περιοχών,"1, Πολύ σοβαρός κίνδυνος|2, Κάπως σοβαρός κίνδυνος|3, Κάπως μικρός κίνδυνος|4, Καθόλου κίνδυνος|5, Δεν γνωρίζω",,,,,,[language]=1,y,,,danger_health,,
noise_pollution,form_1,,radio,Ηχορύπανση,"1, Πολύ σοβαρός κίνδυνος|2, Κάπως σοβαρός κίνδυνος|3, Κάπως μικρός κίνδυνος|4, Καθόλου κίνδυνος|5, Δεν γνωρίζω",,,,,,[language]=1,y,,,danger_health,,
consum_habits,form_1,,radio,Καταναλωτικές συνήθειες,"1, Πολύ σοβαρός κίνδυνος|2, Κάπως σοβαρός κίνδυνος|3, Κάπως μικρός κίνδυνος|4, Καθόλου κίνδυνος|5, Δεν γνωρίζω",,,,,,[language]=1,y,,,danger_health,,
invasive_items,form_1,,radio,Ξένα/επεμβατικά είδη,"1, Πολύ σοβαρός κίνδυνος|2, Κάπως σοβαρός κίνδυνος|3, Κάπως μικρός κίνδυνος|4, Καθόλου κίνδυνος|5, Δεν γνωρίζω",,,,,,[language]=1,y,,,danger_health,,
depl_natural_resources,form_1,,radio,Εξάντληση φυσικών πόρων,"1, Πολύ σοβαρός κίνδυνος|2, Κάπως σοβαρός κίνδυνος|3, Κάπως μικρός κίνδυνος|4, Καθόλου κίνδυνος|5, Δεν γνωρίζω",,,,,,[language]=1,y,,,danger_health,,
biodiversity_reduction,form_1,,radio,Μείωση βιοποικιλότητας,"1, Πολύ σοβαρός κίνδυνος|2, Κάπως σοβαρός κίνδυνος|3, Κάπως μικρός κίνδυνος|4, Καθόλου κίνδυνος|5, Δεν γνωρίζω",,,,,,[language]=1,y,,,danger_health,,
soil_degradation,form_1,,radio,Υποβάθμιση του εδάφους,"1, Πολύ σοβαρός κίνδυνος|2, Κάπως σοβαρός κίνδυνος|3, Κάπως μικρός κίνδυνος|4, Καθόλου κίνδυνος|5, Δεν γνωρίζω",,,,,,[language]=1,y,,,danger_health,,
covid,form_1,,radio,SARS CoV-2 (ιός που προκαλεί τη νόσο COVID-19),"1, Πολύ σοβαρός κίνδυνος|2, Κάπως σοβαρός κίνδυνος|3, Κάπως μικρός κίνδυνος|4, Καθόλου κίνδυνος|5, Δεν γνωρίζω",,,,,,[language]=1,y,,,danger_health,,
cancer_child,form_1,"Σκεπτόμενος/-η τις ασθένειες του παρακάτω πίνακα, πιστεύετε ότι οι περιβαλλοντικοί παράγοντες παίζουν μεγάλο, μικρό, ή κανένα ρόλο στην εμφάνισή τους;",radio,"Καρκίνος/κακοήθειες σε παιδιά, πχ. λευχαιμία","1, Μεγάλος ρόλος|2, Μικρός ρόλος|3, Κανένας ρόλος|4, Δεν γνωρίζω",,,,,,[language]=1,y,,,fatcorshealth,,
infertility,form_1,,radio,Υπογονιμότητα,"1, Μεγάλος ρόλος|2, Μικρός ρόλος|3, Κανένας ρόλος|4, Δεν γνωρίζω",,,,,,[language]=1,y,,,fatcorshealth,,
asthma_child,form_1,,radio,Παιδικό άσθμα,"1, Μεγάλος ρόλος|2, Μικρός ρόλος|3, Κανένας ρόλος|4, Δεν γνωρίζω",,,,,,[language]=1,y,,,fatcorshealth,,
allergies,form_1,,radio,Αναπνευστικά προβλήματα και αλλεργίες,"1, Μεγάλος ρόλος|2, Μικρός ρόλος|3, Κανένας ρόλος|4, Δεν γνωρίζω",,,,,,[language]=1,y,,,fatcorshealth,,
genetic_abnormalities,form_1,,radio,Γενετικές ανωμαλίες,"1, Μεγάλος ρόλος|2, Μικρός ρόλος|3, Κανένας ρόλος|4, Δεν γνωρίζω",,,,,,[language]=1,y,,,fatcorshealth,,
breast_cancer,form_1,,radio,Καρκίνος του στήθους,"1, Μεγάλος ρόλος|2, Μικρός ρόλος|3, Κανένας ρόλος|4, Δεν γνωρίζω",,,,,,[language]=1,y,,,fatcorshealth,,
hypertension,form_1,,radio,Υπέρταση,"1, Μεγάλος ρόλος|2, Μικρός ρόλος|3, Κανένας ρόλος|4, Δεν γνωρίζω",,,,,,[language]=1,y,,,fatcorshealth,,
flu,form_1,,radio,Kρύωμα και γρίπη,"1, Μεγάλος ρόλος|2, Μικρός ρόλος|3, Κανένας ρόλος|4, Δεν γνωρίζω",,,,,,[language]=1,y,,,fatcorshealth,,
prostate_cancer,form_1,,radio,Kαρκίνος του προστάτη,"1, Μεγάλος ρόλος|2, Μικρός ρόλος|3, Κανένας ρόλος|4, Δεν γνωρίζω",,,,,,[language]=1,y,,,fatcorshealth,,
brain_tumor,form_1,,radio,Όγκοι του εγκεφάλου,"1, Μεγάλος ρόλος|2, Μικρός ρόλος|3, Κανένας ρόλος|4, Δεν γνωρίζω",,,,,,[language]=1,y,,,fatcorshealth,,
asthma_adults,form_1,,radio,Άσθμα σε ενήλικες,"1, Μεγάλος ρόλος|2, Μικρός ρόλος|3, Κανένας ρόλος|4, Δεν γνωρίζω",,,,,,[language]=1,y,,,fatcorshealth,,
obesity,form_1,,radio,Παχυσαρκία,"1, Μεγάλος ρόλος|2, Μικρός ρόλος|3, Κανένας ρόλος|4, Δεν γνωρίζω",,,,,,[language]=1,y,,,fatcorshealth,,
typeii_diabetes,form_1,,radio,Διαβήτης τύπου 2,"1, Μεγάλος ρόλος|2, Μικρός ρόλος|3, Κανένας ρόλος|4, Δεν γνωρίζω",,,,,,[language]=1,y,,,fatcorshealth,,
thyroid_cancer,form_1,,radio,Καρκίνος του θυρεοειδούς,"1, Μεγάλος ρόλος|2, Μικρός ρόλος|3, Κανένας ρόλος|4, Δεν γνωρίζω",,,,,,[language]=1,y,,,fatcorshealth,,
vector_borne_infdis,form_1,,radio,Νοσήματα (π.χ. ελονοσία) που μεταδίδονται μέσω διαβιβαστών (π.χ. κουνούπια),"1, Μεγάλος ρόλος|2, Μικρός ρόλος|3, Κανένας ρόλος|4, Δεν γνωρίζω",,,,,,[language]=1,y,,,fatcorshealth,,
infectious_diseases1,form_1,,radio,"Άλλες μεταδοτικές ασθένειες όπως ιλαρά, φυματίωση, και ηπατίτιδα","1, Μεγάλος ρόλος|2, Μικρός ρόλος|3, Κανένας ρόλος|4, Δεν γνωρίζω",,,,,,[language]=1,y,,,fatcorshealth,,
covid19,form_1,,radio,COVID-19,"1, Μεγάλος ρόλος|2, Μικρός ρόλος|3, Κανένας ρόλος|4, Δεν γνωρίζω",,,,,,[language]=1,y,,,fatcorshealth,,
depression,form_1,,radio,"Ασθένειες ψυχικής υγείας (π.χ. κατάθλιψη, άγχος)","1, Μεγάλος ρόλος|2, Μικρός ρόλος|3, Κανένας ρόλος|4, Δεν γνωρίζω",,,,,,[language]=1,y,,,fatcorshealth,,
action1,form_1,"Κατά τη γνώμη σας, πόσα πράγματα/δράσεις μπορούν να κάνουν πολίτες σαν εσάς για να προστατευτούν από τα παρακάτω:",radio,"Μεταδοτικές ασθένειες όπως ιλαρά, φυματίωση, COVID-19 και ηπατίτιδα.","1, Πολλά πράγματα|2, Μερικά πράγματα|3, Λίγα πράγματα|4, Τίποτα|5, Δεν γνωρίζω",,,,,,[language]=1,y,,,actions,,
action2,form_1,,radio,"Προβλήματα υγείας που προκαλούνται από περιβαλλοντικούς παράγοντες όπως η κλιματική αλλαγή, η μόλυνση ή τα (τοξικά) απόβλητα.","1, Πολλά πράγματα|2, Μερικά πράγματα|3, Λίγα πράγματα|4, Τίποτα|5, Δεν γνωρίζω",,,,,,[language]=1,y,,,actions,,
info,form_1,<center>Πηγές ενημέρωσης,checkbox,"<div class=""rich-text-field-label""><p>Με ποιους από τους παρακάτω τρόπους/μέσα λαμβάνετε πληροφορίες για περιβαλλοντικούς κινδύνους; <br /><span style=""font-weight: normal;""><em>Παρακαλούμε επιλέξτε μέχρι 5 τρόπους/μέσα.</em></span></p></div>","1, Μέσα κοινωνικής δικτύωσης (πχ. Facebook) και διαδίκτυο/ίντερνετ | 2, Ειδήσεις στην τηλεόραση | 3, Ταινίες και ντοκυμαντέρ στην τηλεόραση | 4, Συζητήσεις με συγγενείς, την οικογένεια, φίλους, γείτονες κλπ. | 5, Εφημερίδες | 6, Γιατροί | 7, Δημοσιεύσεις, φυλλάδια και άλλο ενημερωτικό υλικό | 8, Ραδιόφωνο | 9, Περιοδικά | 10, Βιβλία | 11, Εκδηλώσεις (συνέδρια, εκθέσεις, φεστιβάλ) | 12, Πολιτικοί | 13, Εκπαιδευτικό υλικό, διαλέξεις και μαθήματα | 14, Άλλο",,,,,,[language]=1,y,LV,,,,
other_info,form_1,,text,"<div class=""rich-text-field-label""><p>Αν επιλέξατε <em>'Άλλο'</em>, παρακαλούμε προσδιορίστε:</p></div>",,,,,,,[language]=1,,LV,,,,
internet,form_1,Πόσο αξιόπιστες θεωρείτε τις ακόλουθες πηγές πληροφοριών;,radio,Μέσα κοινωνικής δικτύωσης (πχ. Facebook) και διαδίκτυο/ίντερνετ,"1, Πολύ αξιόπιστη|2, Αρκετά αξιόπιστη|3, Μέτρια αξιόπιστη|4, Λίγο αξιόπιστη|5, Καθόλου αξιόπιστη",,,,,,[language]=1,y,,,trust,,
news,form_1,,radio,Ειδήσεις στην τηλεόραση,"1, Πολύ αξιόπιστη|2, Αρκετά αξιόπιστη|3, Μέτρια αξιόπιστη|4, Λίγο αξιόπιστη|5, Καθόλου αξιόπιστη",,,,,,[language]=1,y,,,trust,,
movies,form_1,,radio,Ταινίες και ντοκυμαντέρ στην τηλεόραση,"1, Πολύ αξιόπιστη|2, Αρκετά αξιόπιστη|3, Μέτρια αξιόπιστη|4, Λίγο αξιόπιστη|5, Καθόλου αξιόπιστη",,,,,,[language]=1,y,,,trust,,
discussions,form_1,,radio,"Συζητήσεις με συγγενείς, την οικογένεια, φίλους, γείτονες κλπ.","1, Πολύ αξιόπιστη|2, Αρκετά αξιόπιστη|3, Μέτρια αξιόπιστη|4, Λίγο αξιόπιστη|5, Καθόλου αξιόπιστη",,,,,,[language]=1,y,,,trust,,
newspaper,form_1,,radio,Εφημερίδες,"1, Πολύ αξιόπιστη|2, Αρκετά αξιόπιστη|3, Μέτρια αξιόπιστη|4, Λίγο αξιόπιστη|5, Καθόλου αξιόπιστη",,,,,,[language]=1,y,,,trust,,
doctors,form_1,,radio,Γιατροί,"1, Πολύ αξιόπιστη|2, Αρκετά αξιόπιστη|3, Μέτρια αξιόπιστη|4, Λίγο αξιόπιστη|5, Καθόλου αξιόπιστη",,,,,,[language]=1,y,,,trust,,
educational_material,form_1,,radio,"Εκπαιδευτικό υλικό, διαλέξεις και μαθήματα","1, Πολύ αξιόπιστη|2, Αρκετά αξιόπιστη|3, Μέτρια αξιόπιστη|4, Λίγο αξιόπιστη|5, Καθόλου αξιόπιστη",,,,,,[language]=1,y,,,trust,,
publication,form_1,,radio,"Δημοσιεύσεις, φυλλάδια και άλλο ενημερωτικό υλικό","1, Πολύ αξιόπιστη|2, Αρκετά αξιόπιστη|3, Μέτρια αξιόπιστη|4, Λίγο αξιόπιστη|5, Καθόλου αξιόπιστη",,,,,,[language]=1,y,,,trust,,
radio,form_1,,radio,Ραδιόφωνο,"1, Πολύ αξιόπιστη|2, Αρκετά αξιόπιστη|3, Μέτρια αξιόπιστη|4, Λίγο αξιόπιστη|5, Καθόλου αξιόπιστη",,,,,,[language]=1,y,,,trust,,
magazines,form_1,,radio,Περιοδικά,"1, Πολύ αξιόπιστη|2, Αρκετά αξιόπιστη|3, Μέτρια αξιόπιστη|4, Λίγο αξιόπιστη|5, Καθόλου αξιόπιστη",,,,,,[language]=1,y,,,trust,,
books,form_1,,radio,Βιβλία,"1, Πολύ αξιόπιστη|2, Αρκετά αξιόπιστη|3, Μέτρια αξιόπιστη|4, Λίγο αξιόπιστη|5, Καθόλου αξιόπιστη",,,,,,[language]=1,y,,,trust,,
events,form_1,,radio,"Εκδηλώσεις (συνέδρια, εκθέσεις, φεστιβάλ)","1, Πολύ αξιόπιστη|2, Αρκετά αξιόπιστη|3, Μέτρια αξιόπιστη|4, Λίγο αξιόπιστη|5, Καθόλου αξιόπιστη",,,,,,[language]=1,y,,,trust,,
politicians,form_1,,radio,Πολιτικοί,"1, Πολύ αξιόπιστη|2, Αρκετά αξιόπιστη|3, Μέτρια αξιόπιστη|4, Λίγο αξιόπιστη|5, Καθόλου αξιόπιστη",,,,,,[language]=1,y,,,trust,,
community_environment,form_1,Κάποιοι πολίτες αναφέρουν ότι δεν έχουν αρκετή πληροφόρηση για τα θέματα που διαπραγματεύεται η έρευνα. Εσείς τι πιστεύετε; Έχετε αρκετή πληροφόρηση ή χρειάζεστε παραπάνω πληροφόρηση για τα παρακάτω θέματα;,radio,Κατάσταση του περιβάλλοντος στην κοινότητά σας.,"1, Ναι, έχω αρκετή πληροφόρηση|2, Θα ήθελα παραπάνω πληροφόρηση|3, Όχι δεν θα ήθελα να λαμβάνω αυτές τις πληροφορίες|4, Δεν γνωρίζω",,,,,,[language]=1,y,,,more_info,,
effects_climate_change,form_1,,radio,Eπιπτώσεις της κλιματικής αλλαγής στον πληθυσμό της Κύπρου.,"1, Ναι, έχω αρκετή πληροφόρηση|2, Θα ήθελα παραπάνω πληροφόρηση|3, Όχι δεν θα ήθελα να λαμβάνω αυτές τις πληροφορίες|4, Δεν γνωρίζω",,,,,,[language]=1,y,,,more_info,,
protect_from_health_issues,form_1,,radio,Τι μπορούμε να κάνουμε για να προστατεύσουμε τους εαυτούς μας και την οικογένειά μας από προβλήματα υγείας σχετικά με το περιβάλλον.,"1, Ναι, έχω αρκετή πληροφόρηση|2, Θα ήθελα παραπάνω πληροφόρηση|3, Όχι δεν θα ήθελα να λαμβάνω αυτές τις πληροφορίες|4, Δεν γνωρίζω",,,,,,[language]=1,y,,,more_info,,
protect_from_cl_change,form_1,,radio,Τι μπορούμε να κάνουμε για να προστατεύσουμε τους εαυτούς μας και την οικογένειά μας από τις επιπτώσεις της κλιματικής αλλαγής.,"1, Ναι, έχω αρκετή πληροφόρηση|2, Θα ήθελα παραπάνω πληροφόρηση|3, Όχι δεν θα ήθελα να λαμβάνω αυτές τις πληροφορίες|4, Δεν γνωρίζω",,,,,,[language]=1,y,,,more_info,,
want_info,form_1,,checkbox,"<div class=""rich-text-field-label""><p>Με ποιους από τους παρακάτω τρόπους/μέσα θέλετε να λαμβάνετε πληροφορίες για περιβαλλοντικούς κινδύνους; <br /><span style=""font-weight: normal;""><em>Παρακαλούμε επιλέξτε μέχρι 5 τρόπους/μέσα.</em></span></p></div>","1, Μέσα κοινωνικής δικτύωσης (πχ. Facebook) και διαδίκτυο/ίντερνετ|2, Ειδήσεις στην τηλεόραση|3, Ταινίες και ντοκυμαντέρ στην τηλεόραση|4, Συζητήσεις με συγγενείς, την οικογένεια, φίλους, γείτονες κλπ.|5, Εφημερίδες|6, Γιατροί|7, Δημοσιεύσεις, φυλλάδια και άλλο ενημερωτικό υλικό|8, Ραδιόφωνο|9, Περιοδικά|10, Βιβλία|11, Εκδηλώσεις (συνέδρια, εκθέσεις, φεστιβάλ)|12, Πολιτικοί|13, Εκπαιδευτικό υλικό, διαλέξεις και μαθήματα|14, Άλλο",,,,,,[language]=1,y,LV,,,,
other_info_2,form_1,,text,"<div class=""rich-text-field-label""><p>Αν επιλέξατε <em>'Άλλο'</em>, παρακαλούμε προσδιορίστε:</p></div>",,,,,,,[language]=1,,LV,,,,
age,form_1,<center>Γενικές πληροφορίες,text,Ηλικία:,,,integer,18,100,,[language]=1,y,LV,,,,
sex,form_1,,radio,Φύλο:,"1, Γυναίκα|2, Άνδρας|3, Δεν θα ήθελα να απαντήσω",,,,,,[language]=1,y,LV,,,,
place_of_birth_discr,form_1,,radio,Πώς θα περιγράφατε τον τόπο γέννησής σας;,"1, Μεγάλη πόλη|2, Προάστιο μεγάλης πόλης|3, Μικρή πόλη/Κωμόπολη|4, Μη αστική περιοχή (π.χ. χωριό)",,,,,,[language]=1,y,LV,,,,
education_level,form_1,,radio,"Ποιο είναι το υψηλότερο επίπεδο εκπαίδευσης που έχετε ολοκληρώσει με επιτυχία;
Παρακαλώ περιλάβετε οποιαδήποτε εκπαίδευση πήρατε στα πλαίσια της εργασίας σας.","1, Δεν έχω φοιτήσει ποτέ σε σχολείο|2, Δεν έχω τελειώσει το δημοτικό|3, Δημοτικό σχολείο|4, Γυμνάσιο (3 χρόνια)|5, Λύκειο/Τεχνική σχολή (απολυτήριο)|6, Μεταλυκειακή εκπαίδευση μη τριτοβάθμια|7, Τριτοβάθμια μη Πανεπιστημιακή|8, Πανεπιστήμιο (πρώτο πτυχίο)|9, Πανεπιστήμιο-Μεταπτυχιακό (μόνο Master's degree)|10, Διδακτορικό",,,,,,[language]=1,y,LV,,,,
occupational_status,form_1,,radio,Επαγγελματική κατάσταση:,"1, Εργαζόμενος/η|2, Συνταξιούχος/α|3, Μαθητής/τρια|4, Δεν εργάζομαι|5, Οικιακά|6, Εργάζομαι οικιοθελώς",,,,,,[language]=1,y,LV,,,,
district,form_1,,radio,Σε ποια επαρχία μένετε τώρα;,"1, Πάφος|2, Λεμεσός|3, Λευκωσία|4, Αμμόχωστος|5, Λάρνακα|6, Άλλη περιοχή της Κύπρου|7, Δεν μένω στην Κύπρο",,,,,,[language]=1,y,LV,,,,
area_discr,form_1,,radio,Πώς θα περιγράφατε την περιοχή στην οποία μένετε;,"1, Μεγάλη πόλη|2, Προάστιο μεγάλης πόλης|3, Μικρή πόλη/Κωμόπολη|4, Μη αστική περιοχή (π.χ. χωριό)",,,,,,[language]=1,y,LV,,,,
rate_area,form_1,,radio,Πώς θα βαθμολογούσατε την κοινότητα/περιοχή σας σαν μέρος για να ζει κάποιος;,"1, Πολύ καλή|2, Κάπως καλή|3, Κάπως κακή|4, Πολύ κακή|5, Δεν γνωρίζω",,,,,,[language]=1,y,LV,,,,
marital_status,form_1,,radio,Ποια είναι η οικογενειακή σας κατάσταση;,"1, Ανύπαντρος/η|2, Παντρεμένος/η|3, Χωρισμένος/η|4, Χήρος/α",,,,,,[language]=1,y,LV,,,,
children,form_1,,radio,Έχετε παιδιά;,"1, Ναι|2, Όχι",,,,,,[language]=1,y,LV,,,,
logo_en,form_1,<center>Introduction,descriptive,<center>,,,,,,,[language]=2,y,,,,,
introduction_en,form_1,,radio,"<div class=""rich-text-field-label""><p>Dear Respondent,<br /><br /><span style=""font-weight: normal;"">Thank you for your interest in our study!</span><br /><br />Cyprus is located in a 'climate hot spot' and is experiencing rapid climate change which is expected to affect our lives and health.<br /><br /><span style=""font-weight: normal;"">For example, Cyprus experiences more frequent heatwaves and forest fires during the summer and lengthy periods without rain in the winter which threaten water availability. These phenomena are the result of the overall changes in the climate.</span><br /><br /><span style=""text-decoration: underline;"">Primary objective of the study:</span></p> <p><span style=""font-weight: normal;"">With this study we aim </span>to collect the opinions of people living in Cyprus about how their health might be influenced by climate change and environmental factors.<br /><span style=""font-weight: normal;"">Environmental factors refer to everything that exists in our surroundings and is not a genetic or biological process in our bodies.</span></p> <p><span style=""text-decoration: underline;"">Expected benefit from your participation in the study:</span></p> <p><span style=""font-weight: normal;"">Your answers to a short questionnaire will help us understand how people living in Cyprus perceive the health effects of climate change. </span><span style=""font-weight: normal;"">With these results we will be able to develop research and evidence-based communication strategies which will help tackle the impacts of the climate crisis.</span></p> <p><span style=""text-decoration: underline;"">Important information</span></p> <ul> <li>Details of any risks that may exist or any inconvenience that participants may incur <ul> <li><span style=""font-weight: normal;"">There are no risks associated with this study. </span></li> </ul> </li> <li>Details of what data will be collected or generated for you within the project, who will have access to them and for how long<br /> <ul> <li><span style=""font-weight: normal;"">Your survey responses will be anonymous and no personally identifiable information will be requested from you. </span></li> <li><span style=""font-weight: normal;"">Your anonymity will be ensured throughout the research and during the publication of the results in conferences, scientific journals, etc.</span></li> <li><span style=""font-weight: normal;"">The data will be kept in safe areas with access to them only by the research team.</span></li> <li><span style=""font-weight: normal;"">The data obtained from the study will be stored in a safe area by the Cyprus International Institute for Environmental and Public Health for 10 years and then will be destroyed.</span></li> </ul> </li> </ul> <ul> <li>Estimated time to complete the questionnaire is between 8 - 10 minutes.</li> <li>Expected benefit for researchers and/or sponsors <ul> <li><span style=""font-weight: normal;"">The study aims to explore the Cypriot perceptions regarding climate-related health risks. To explore how perceptions have changed over time, this study will compare results with the 2018 survey conducted by the Water and Health Laboratory.</span></li> <li><span style=""font-weight: normal;"">Therefore, this study will compare results from two different samples of the same population in two points in time. In addition, these perceptions will be compared by factors, like age, living area, educational level, and self-assessed health. This can portray the differences in perception within a population, which are likely to be found for all four factors. This study is part of a thesis project.</span></li> </ul> </li> <li>Description of relevant procedures in handling the data and personal information of participants who choose to withdraw from the study prior to its completion. <ul> <li><span style=""font-weight: normal;"">Data collection will follow GDPR principles. </span></li> <li><span style=""font-weight: normal;"">Survey responses will be anonymous and no personally identifiable information will be requested. </span></li> <li><span style=""font-weight: normal;"">Participation in this study is completely voluntary and participants can withdraw from the survey at any point and their personal information will not be stored.</span> </li> </ul> </li> </ul> <ul> <li>This study is conducted by the Cyprus International Institute for Environmental and Public Health in collaboration with the MSc in Global Health at Maastricht University, The Netherlands.<br /><br /></li> <li style=""text-align: left;"">Full contact details and title of the person to whom participants can submit complaints or grievances regarding the programme they participate in. <ul> <li style=""text-align: left;""><span style=""font-weight: normal;"">Dr. Charalambos Chrysostomou, Head of Research Services, Cyprus University of Technology</span> <ul> <li style=""text-align: left;""><span style=""font-weight: normal;"">Tel. no.: 25002562</span></li> </ul> </li> </ul> </li> <li>Full contact details and title of the person to whom participants can contact for more information or clarifications on the management of personal data. <ul> <li><span style=""font-weight: normal;"">Mrs. Maria Ioannou, Data Protection Officer, Cyprus University of Technology</span> <ul> <li><span style=""font-weight: normal;"">Tel. no.: 25 00 2355</span></li> <li><span style=""font-weight: normal;"">Email: </span><a style=""font-weight: normal;"" href=""mailto:gdpr.dpo@cut.ac.cy"">gdpr.dpo@cut.ac.cy</a></li> </ul> </li> </ul> </li> </ul> <ul> <li>Full contact details and title of the person whom participants can contact for more information or clarifications about the research programme. <ul> <li><span style=""font-weight: normal;"">Sarah Connon, Master student of Global Health program of the Maastricht University of Netherlands </span> <ul> <li><span style=""font-weight: normal;"">Email: <a href=""mailto:s.connon@student.maastrichtuniversity.nl"">s.connon@student.maastrichtuniversity.nl</a> </span></li> </ul> </li> <li><span style=""font-weight: normal;"">Corina Konstantinou, Research Fellow, Water and Health Lab</span> <ul> <li><span style=""font-weight: normal;"">Telephone no.: +357-25002282</span></li> <li><span style=""font-weight: normal;"">Email: <a href=""mailto:waterandhealthlab@cut.ac.cy"">waterandhealthlab@cut.ac.cy</a></span></li> </ul> </li> </ul> </li> </ul> <p><span style=""font-weight: normal;"">If you need additional information about the study or about other research activities, please feel free to contact us at the email address: waterandhealthlab@cut.ac.cy</span></p> <p><span style=""font-weight: normal;"">If you agree to answer the questionnaire, check the box at the bottom of the page.</span></p> <p><br />Thank you!<br /><br />Sarah Connon<br /><span style=""font-weight: normal;"">MSc Global Health</span><br /><span style=""font-weight: normal;"">Maastricht University, the Netherlands</span><br /><br />Konstantinos C. Makris, PhD<br /><span style=""font-weight: normal;"">Associate Professor of Environmental Health</span><br /><span style=""font-weight: normal;"">Water and Health Laboratory</span><br /><span style=""font-weight: normal;"">Cyprus International Institute for Environmental and Public Health</span><br /><span style=""font-weight: normal;"">Cyprus University of Technology</span></p></div>","1, I have read and understood all the given information and I would like to proceed to the questionnaire",,,,,,[language]=2,y,LV,,,,
health_status_en,form_1,<center> Health Assessment ,radio,In general would you say your health is:,"1, Excellent | 2, Very good | 3, Good | 4, Average | 5, Poor",,,,,,[language]=2,y,LV,,,,
health_comp_to_last_yr_en,form_1,,radio,How is your health now compared to one year ago:,"1, Much better now than one year ago | 2, Somewhat better now than one year ago | 3, About the same | 4, Somewhat worse than one year ago | 5, Much worse than one year ago",,,,,,[language]=2,y,LV,,,,
demandingactivities_en,form_1,"The following items are about activities you might do during a typical day. Does your health now limit you in these activities? If so, how much?",radio,"Vigorous activities, such as running, lifting heavy objects, participating in strenuous sports","1, Yes, limited a lot | 2, Yes, limited a little | 3, No, not limited at all",,,,,,[language]=2,y,,,demandingactivitymatrix,,
moderate_activities_en,form_1,,radio,"Moderate activities, such as moving a table, pushing a vacuum cleaner, bowling, or playing golf","1, Yes, limited a lot | 2, Yes, limited a little | 3, No, not limited at all",,,,,,[language]=2,y,,,demandingactivitymatrix,,
carry_grocery_bags_en,form_1,,radio,Lifting or carrying groceries,"1, Yes, limited a lot | 2, Yes, limited a little | 3, No, not limited at all",,,,,,[language]=2,y,,,demandingactivitymatrix,,
stairs_levels_en,form_1,,radio,Climbing several flights of stairs,"1, Yes, limited a lot | 2, Yes, limited a little | 3, No, not limited at all",,,,,,[language]=2,y,,,demandingactivitymatrix,,
stairs_one_level_en,form_1,,radio,Climbing one flight of stairs,"1, Yes, limited a lot | 2, Yes, limited a little | 3, No, not limited at all",,,,,,[language]=2,y,,,demandingactivitymatrix,,
body_bending_en,form_1,,radio,"Bending, kneeling or stooping","1, Yes, limited a lot | 2, Yes, limited a little | 3, No, not limited at all",,,,,,[language]=2,y,,,demandingactivitymatrix,,
walking_one_en,form_1,,radio,Walking more than a kilometer,"1, Yes, limited a lot | 2, Yes, limited a little | 3, No, not limited at all",,,,,,[language]=2,y,,,demandingactivitymatrix,,
walking_few_plots_en,form_1,,radio,Walking several blocks,"1, Yes, limited a lot | 2, Yes, limited a little | 3, No, not limited at all",,,,,,[language]=2,y,,,demandingactivitymatrix,,
walking_one_plot_en,form_1,,radio,Walking one block,"1, Yes, limited a lot | 2, Yes, limited a little | 3, No, not limited at all",,,,,,[language]=2,y,,,demandingactivitymatrix,,
bath_en,form_1,,radio,Bathing or dressing yourself,"1, Yes, limited a lot | 2, Yes, limited a little | 3, No, not limited at all",,,,,,[language]=2,y,,,demandingactivitymatrix,,
work_time_en,form_1,"<b><u>During the past 4 weeks</b></u>, have you had any of the following problems with your work or other regular daily activities as a result of your <b><u>physical health</b></u>?",radio,Cut down the amount of time you spent on work or other activities,"1, Yes | 2, No",,,,,,[language]=2,y,,,workissueshealthen,,
achieve_less_en,form_1,,radio,Accomplished less than you would like,"1, Yes | 2, No",,,,,,[language]=2,y,,,workissueshealthen,,
limits_work_en,form_1,,radio,Were limited in the kind of work or other activities,"1, Yes | 2, No",,,,,,[language]=2,y,,,workissueshealthen,,
difficulties_en,form_1,,radio,Had difficulty performing the work or other activities (for example it took extra effort),"1, Yes | 2, No",,,,,,[language]=2,y,,,workissueshealthen,,
work_time_anx_en,form_1,"<b><u>During the past 4 weeks</b></u>, have you had any of the following problems with your work or other regular activities as a result of any <b><u>emotional problems</b></u> (such as feeling depressed or anxious)?",radio,Cut down the amount of time you spent on work or other activities,"1, Yes | 2, No",,,,,,[language]=2,y,,,workissuesanxietyen,,
achieve_less_anx_en,form_1,,radio,Accomplished less than you would like,"1, Yes | 2, No",,,,,,[language]=2,y,,,workissuesanxietyen,,
difficulty_anx_en,form_1,,radio,Didn't do work or other activities as carefully as usual,"1, Yes | 2, No",,,,,,[language]=2,y,,,workissuesanxietyen,,
social_activities_en,form_1,,radio,"<b><u>During the past 4 weeks</b></u>, to what extent has your physical health or emotional problems interfered with your normal social activities with family, friends, neighbours or groups?","1, Not at all | 2, Slightly | 3, Moderately | 4, Quite a bit | 5, Extremely",,,,,,[language]=2,y,LV,,,,
lifefull_en,form_1,"These questions are about how you feel and how things have been with you <b><u>during the past 4 weeks</b></u>. For each question, please give the one answer that comes closest to the way you have been feeling.

During the last 4 weeks, how often...",radio,Did you feel full of life?,"1, All of the time | 2, Most of the time | 3, A good bit of the time | 4, Some of the time | 5, A little of the time | 6, None of the time",,,,,,[language]=2,y,,,mental_health_en,,
nervous_en,form_1,,radio,Have you been a very nervous person?,"1, All of the time | 2, Most of the time | 3, A good bit of the time | 4, Some of the time | 5, A little of the time | 6, None of the time",,,,,,[language]=2,y,,,mental_health_en,,
not_satisfied_en,form_1,,radio,Have you felt so down in the dumps that nothing could cheer you up?,"1, All of the time | 2, Most of the time | 3, A good bit of the time | 4, Some of the time | 5, A little of the time | 6, None of the time",,,,,,[language]=2,y,,,mental_health_en,,
calm_en,form_1,,radio,Have you felt calm and peaceful?,"1, All of the time | 2, Most of the time | 3, A good bit of the time | 4, Some of the time | 5, A little of the time | 6, None of the time",,,,,,[language]=2,y,,,mental_health_en,,
energetic_en,form_1,,radio,Did you have a lot of energy?,"1, All of the time | 2, Most of the time | 3, A good bit of the time | 4, Some of the time | 5, A little of the time | 6, None of the time",,,,,,[language]=2,y,,,mental_health_en,,
melancholy_en,form_1,,radio,Have you felt downhearted and blue?,"1, All of the time | 2, Most of the time | 3, A good bit of the time | 4, Some of the time | 5, A little of the time | 6, None of the time",,,,,,[language]=2,y,,,mental_health_en,,
exhausted_en,form_1,,radio,Did you feel worn out?,"1, All of the time | 2, Most of the time | 3, A good bit of the time | 4, Some of the time | 5, A little of the time | 6, None of the time",,,,,,[language]=2,y,,,mental_health_en,,
happy_en,form_1,,radio,Have you been a happy person?,"1, All of the time | 2, Most of the time | 3, A good bit of the time | 4, Some of the time | 5, A little of the time | 6, None of the time",,,,,,[language]=2,y,,,mental_health_en,,
tired_en,form_1,,radio,Did you feel tired?,"1, All of the time | 2, Most of the time | 3, A good bit of the time | 4, Some of the time | 5, A little of the time | 6, None of the time",,,,,,[language]=2,y,,,mental_health_en,,
social_contacts_en,form_1,,radio,"<b><u>During the past 4 weeks</b></u>, how much of the time has your physical health or emotional problems interfered with your social activities (like visiting with friends, relatives, etc.)?","1, All of the time | 2, Most of the time | 3, Some of the time | 4, A little of the time | 5, None of the time",,,,,,[language]=2,y,LV,,,,
sick_en,form_1,How TRUE or FALSE is each of the following statements for you?,radio,I seem to get sick a little easier than other people,"1, Definitely true | 2, Mostly true | 3, Don't know | 4, Mostly false | 5, Definitely false",,,,,,[language]=2,y,,,trueorfalseen,,
healthy_en,form_1,,radio,I am as healthy as anybody I know,"1, Definitely true | 2, Mostly true | 3, Don't know | 4, Mostly false | 5, Definitely false",,,,,,[language]=2,y,,,trueorfalseen,,
worse_health_en,form_1,,radio,I expect my health to get worse,"1, Definitely true | 2, Mostly true | 3, Don't know | 4, Mostly false | 5, Definitely false",,,,,,[language]=2,y,,,trueorfalseen,,
perfect_health_en,form_1,,radio,My health is excellent,"1, Definitely true | 2, Mostly true | 3, Don't know | 4, Mostly false | 5, Definitely false",,,,,,[language]=2,y,,,trueorfalseen,,
climate_change_en,form_1,<center> Environmental Health Risks,radio,Do you see evidence of climate change on the planet?,"1, Not at all | 2, Slightly | 3, Moderately | 4, Quite a bit | 5, Extremely",,,,,,[language]=2,y,LV,,,,
accidents_en,form_1,"With environmental factors in mind, such as climate change, pollution and (toxic) waste, how often do you think will the following health issues occur in 2031 (in 10 years) compared to now, in Cyprus?",radio,The amount of people with an injury,"1, Much more | 2, Somewhat more | 3, About the same | 4, Somewhat less | 5, Much less",,,,,,[language]=2,y,,,patients_matrix_en,,
asthma_patients_en,form_1,,radio,The amount of people with asthma,"1, Much more | 2, Somewhat more | 3, About the same | 4, Somewhat less | 5, Much less",,,,,,[language]=2,y,,,patients_matrix_en,,
cancer_patients_en,form_1,,radio,The amount of people with cancer,"1, Much more | 2, Somewhat more | 3, About the same | 4, Somewhat less | 5, Much less",,,,,,[language]=2,y,,,patients_matrix_en,,
obese_people_en,form_1,,radio,The amount of people with obesity,"1, Much more | 2, Somewhat more | 3, About the same | 4, Somewhat less | 5, Much less",,,,,,[language]=2,y,,,patients_matrix_en,,
type2_diabetes_en,form_1,,radio,The amount of people with Type 2 Diabetes,"1, Much more | 2, Somewhat more | 3, About the same | 4, Somewhat less | 5, Much less",,,,,,[language]=2,y,,,patients_matrix_en,,
hypertension_patients_en,form_1,,radio,The amount of people with high blood pressure,"1, Much more | 2, Somewhat more | 3, About the same | 4, Somewhat less | 5, Much less",,,,,,[language]=2,y,,,patients_matrix_en,,
infectious_disease,form_1,,radio,The amount of people with infectious diseases,"1, Much more | 2, Somewhat more | 3, About the same | 4, Somewhat less | 5, Much less",,,,,,[language]=2,y,,,patients_matrix_en,,
mental_health_en,form_1,,radio,The amount of people with mental health problems,"1, Much more | 2, Somewhat more | 3, About the same | 4, Somewhat less | 5, Much less",,,,,,[language]=2,,,,patients_matrix_en,,
increase_temp_en,form_1,To what degree do you think that the following factors are being influenced by climate change?,radio,Temperature rise (global warming),"1, Extremely influenced | 2, Quite a bit influenced | 3, Moderately influenced | 4, Slightly influenced",,,,,,[language]=2,y,,,factors_climate_en,,
extreme_weather_en,form_1,,radio,Extreme weather events,"1, Extremely influenced | 2, Quite a bit influenced | 3, Moderately influenced | 4, Slightly influenced",,,,,,[language]=2,y,,,factors_climate_en,,
atmospheric_pollution_en,form_1,,radio,Contamination of air,"1, Extremely influenced | 2, Quite a bit influenced | 3, Moderately influenced | 4, Slightly influenced",,,,,,[language]=2,y,,,factors_climate_en,,
water_pollution_en,form_1,,radio,Contamination of water,"1, Extremely influenced | 2, Quite a bit influenced | 3, Moderately influenced | 4, Slightly influenced",,,,,,[language]=2,y,,,factors_climate_en,,
food_contamination_en,form_1,,radio,Contamination of food,"1, Extremely influenced | 2, Quite a bit influenced | 3, Moderately influenced | 4, Slightly influenced",,,,,,[language]=2,y,,,factors_climate_en,,
soil_pollution_en,form_1,,radio,Contamination of land,"1, Extremely influenced | 2, Quite a bit influenced | 3, Moderately influenced | 4, Slightly influenced",,,,,,[language]=2,y,,,factors_climate_en,,
radiation_en,form_1,,radio,Radiation level,"1, Extremely influenced | 2, Quite a bit influenced | 3, Moderately influenced | 4, Slightly influenced",,,,,,[language]=2,y,,,factors_climate_en,,
worse_effect_en,form_1,,checkbox,"Choose 5 of the following factors that, in your opinion, have the worst effect on your health.","1, Air pollution | 2, Chemicals in water and food | 3, Agricultural pollution | 4, Noise pollution | 5, Consumption habits | 6, Invasive species | 7, Water pollution | 8, Water scarcity | 9, (Toxic) waste | 10, Exhaustion of natural resources | 11, Biodiversity loss | 12, Soil degradation | 13, Flooding",,,,,,[language]=2,y,LV,,,,
factors_affect_health_en,form_1,,radio,How important do you think environmental factors are in causing diseases?,"1, Very important | 2, Somewhat important | 3, Not too important | 4, Not important at all | 5, Don't know",,,,,,[language]=2,y,LV,,,,
atmospheric_pollution_h_en,form_1,How dangerous do you think the following environmental exposures are for your health?,radio,Air pollution,"1, Very serious danger | 2, Somewhat serious danger | 3, Somewhat minor danger | 4, No danger at all | 5, Don't know",,,,,,[language]=2,y,,,danger_health_en,,
water_pollution_h_en,form_1,,radio,Water pollution,"1, Very serious danger | 2, Somewhat serious danger | 3, Somewhat minor danger | 4, No danger at all | 5, Don't know",,,,,,[language]=2,y,,,danger_health_en,,
chemicals_en,form_1,,radio,Chemicals in water and food,"1, Very serious danger | 2, Somewhat serious danger | 3, Somewhat minor danger | 4, No danger at all | 5, Don't know",,,,,,[language]=2,y,,,danger_health_en,,
waste_en,form_1,,radio,(Toxic) waste,"1, Very serious danger | 2, Somewhat serious danger | 3, Somewhat minor danger | 4, No danger at all | 5, Don't know",,,,,,[language]=2,y,,,danger_health_en,,
heatwave_en,form_1,,radio,Heatwave,"1, Very serious danger | 2, Somewhat serious danger | 3, Somewhat minor danger | 4, No danger at all | 5, Don't know",,,,,,[language]=2,y,,,danger_health_en,,
floods_en,form_1,,radio,Flooding,"1, Very serious danger | 2, Somewhat serious danger | 3, Somewhat minor danger | 4, No danger at all | 5, Don't know",,,,,,[language]=2,y,,,danger_health_en,,
scarcity_en,form_1,,radio,Water scarcity,"1, Very serious danger | 2, Somewhat serious danger | 3, Somewhat minor danger | 4, No danger at all | 5, Don't know",,,,,,[language]=2,y,,,danger_health_en,,
rural_pollution_en,form_1,,radio,Agricultural pollution,"1, Very serious danger | 2, Somewhat serious danger | 3, Somewhat minor danger | 4, No danger at all | 5, Don't know",,,,,,[language]=2,y,,,danger_health_en,,
noise_pollution_en,form_1,,radio,Noise pollution,"1, Very serious danger | 2, Somewhat serious danger | 3, Somewhat minor danger | 4, No danger at all | 5, Don't know",,,,,,[language]=2,y,,,danger_health_en,,
consum_habits_en,form_1,,radio,Consumption habits,"1, Very serious danger | 2, Somewhat serious danger | 3, Somewhat minor danger | 4, No danger at all | 5, Don't know",,,,,,[language]=2,y,,,danger_health_en,,
invasive_items_en,form_1,,radio,Invasive species,"1, Very serious danger | 2, Somewhat serious danger | 3, Somewhat minor danger | 4, No danger at all | 5, Don't know",,,,,,[language]=2,y,,,danger_health_en,,
depl_natural_resources_en,form_1,,radio,Exhaustion of natural resources,"1, Very serious danger | 2, Somewhat serious danger | 3, Somewhat minor danger | 4, No danger at all | 5, Don't know",,,,,,[language]=2,y,,,danger_health_en,,
biodiversity_reduction_en,form_1,,radio,Biodiversity loss,"1, Very serious danger | 2, Somewhat serious danger | 3, Somewhat minor danger | 4, No danger at all | 5, Don't know",,,,,,[language]=2,y,,,danger_health_en,,
soil_degradation_en,form_1,,radio,Soil degradation,"1, Very serious danger | 2, Somewhat serious danger | 3, Somewhat minor danger | 4, No danger at all | 5, Don't know",,,,,,[language]=2,y,,,danger_health_en,,
covid_en,form_1,,radio,SARS-CoV-2 (virus causing COVID-19),"1, Very serious danger | 2, Somewhat serious danger | 3, Somewhat minor danger | 4, No danger at all | 5, Don't know",,,,,,[language]=2,y,,,danger_health_en,,
cancer_child_en,form_1,"Now thinking of some specific illnesses, do you think environmental factors play a major role, minor role or no role at all in causing the following illnesses?",radio,"Cancer in children, such as leukaemia","1, Major role | 2, Minor role | 3, No role at all | 4, Don't know",,,,,,[language]=2,y,,,factorshealthen,,
infertility_en,form_1,,radio,Infertility,"1, Major role | 2, Minor role | 3, No role at all | 4, Don't know",,,,,,[language]=2,y,,,factorshealthen,,
asthma_child_en,form_1,,radio,Asthma in children,"1, Major role | 2, Minor role | 3, No role at all | 4, Don't know",,,,,,[language]=2,y,,,factorshealthen,,
allergies_en,form_1,,radio,Sinus and allergy problems,"1, Major role | 2, Minor role | 3, No role at all | 4, Don't know",,,,,,[language]=2,y,,,factorshealthen,,
genetic_abnormalities_en,form_1,,radio,Birth defects,"1, Major role | 2, Minor role | 3, No role at all | 4, Don't know",,,,,,[language]=2,y,,,factorshealthen,,
breast_cancer_en,form_1,,radio,Breast cancer,"1, Major role | 2, Minor role | 3, No role at all | 4, Don't know",,,,,,[language]=2,y,,,factorshealthen,,
hypertension_en,form_1,,radio,High blood pressure,"1, Major role | 2, Minor role | 3, No role at all | 4, Don't know",,,,,,[language]=2,y,,,factorshealthen,,
flu_en,form_1,,radio,Colds and flus,"1, Major role | 2, Minor role | 3, No role at all | 4, Don't know",,,,,,[language]=2,y,,,factorshealthen,,
prostatic_cancer,form_1,,radio,Prostate cancer,"1, Major role | 2, Minor role | 3, No role at all | 4, Don't know",,,,,,[language]=2,y,,,factorshealthen,,
brain_tumour,form_1,,radio,Brain tumours,"1, Major role | 2, Minor role | 3, No role at all | 4, Don't know",,,,,,[language]=2,y,,,factorshealthen,,
asthma_adults_en,form_1,,radio,Asthma in adults,"1, Major role | 2, Minor role | 3, No role at all | 4, Don't know",,,,,,[language]=2,y,,,factorshealthen,,
obesity_en,form_1,,radio,Obesity,"1, Major role | 2, Minor role | 3, No role at all | 4, Don't know",,,,,,[language]=2,y,,,factorshealthen,,
type_ii_diabetes_en,form_1,,radio,Diabetes type 2,"1, Major role | 2, Minor role | 3, No role at all | 4, Don't know",,,,,,[language]=2,y,,,factorshealthen,,
thyroid_cancer_en,form_1,,radio,Thyroid cancer,"1, Major role | 2, Minor role | 3, No role at all | 4, Don't know",,,,,,[language]=2,y,,,factorshealthen,,
vector_borne_infdis_en,form_1,,radio,"Vector borne diseases, such as malaria and dengue","1, Major role | 2, Minor role | 3, No role at all | 4, Don't know",,,,,,[language]=2,y,,,factorshealthen,,
infectious_diseases_1_en,form_1,,radio,"Infectious diseases, such as measles, tuberculosis, hepatitis","1, Major role | 2, Minor role | 3, No role at all | 4, Don't know",,,,,,[language]=2,y,,,factorshealthen,,
covid19_en,form_1,,radio,COVID-19,"1, Major role | 2, Minor role | 3, No role at all | 4, Don't know",,,,,,[language]=2,y,,,factorshealthen,,
depression_en,form_1,,radio,Mental health problems such as depression and anxiety,"1, Major role | 2, Minor role | 3, No role at all | 4, Don't know",,,,,,[language]=2,y,,,factorshealthen,,
action1_en,form_1,"In your opinion, how much can people like you do to protect yourself from the following?",radio,"Infectious diseases such as measles, tuberculosis, hepatitis or COVID-19","1, A great deal | 2, Moderate amount | 3, A little | 4, Nothing at all | 5, Don't know",,,,,,[language]=2,y,,,actionsen,,
action2_en,form_1,,radio,"Health problems caused by environmental problems such as climate change, pollution or (toxic) waste","1, A great deal | 2, Moderate amount | 3, A little | 4, Nothing at all | 5, Don't know",,,,,,[language]=2,y,,,actionsen,,
info_en,form_1,<center> Information Sources ,checkbox,Choose up to 5 sources of information where you get information about environmental health risks from.,"1, Social media and the Internet | 2, Television news | 3, Films and documentaries on television | 4, Conversations with relatives, family, friends, neighbours, etc. | 5, Newspapers | 6, Medical doctors | 7, Education/ lectures/ courses | 8, Publications, brochures or information materials | 9, The radio | 10, Magazines | 11, Books | 12, Events (conferences, fairs, exhibitions, festivals, etc.) | 13, Politicians | 14, Other",,,,,,[language]=2,y,LV,,,,
other_info_en,form_1,,text,"If you chose other, please specify 
",,,,,,,[language]=2,,LV,,,,
internet_en,form_1,How reliable do you consider the following information sources to be?,radio,Social media and the internet,"1, Extremely reliable | 2, Quite a bit reliable | 3, Moderately reliable | 4, Slightly reliable | 5, Not at all reliable",,,,,,[language]=2,y,,,trust_en,,
news_en,form_1,,radio,Television news,"1, Extremely reliable | 2, Quite a bit reliable | 3, Moderately reliable | 4, Slightly reliable | 5, Not at all reliable",,,,,,[language]=2,y,,,trust_en,,
movies_en,form_1,,radio,Films and documentaries on television,"1, Extremely reliable | 2, Quite a bit reliable | 3, Moderately reliable | 4, Slightly reliable | 5, Not at all reliable",,,,,,[language]=2,y,,,trust_en,,
discussions_en,form_1,,radio,"Conversations with relatives, family, friends, neighbours, etc.","1, Extremely reliable | 2, Quite a bit reliable | 3, Moderately reliable | 4, Slightly reliable | 5, Not at all reliable",,,,,,[language]=2,y,,,trust_en,,
newspapers_en,form_1,,radio,Newspapers,"1, Extremely reliable | 2, Quite a bit reliable | 3, Moderately reliable | 4, Slightly reliable | 5, Not at all reliable",,,,,,[language]=2,y,,,trust_en,,
doctors_en,form_1,,radio,Medical doctors,"1, Extremely reliable | 2, Quite a bit reliable | 3, Moderately reliable | 4, Slightly reliable | 5, Not at all reliable",,,,,,[language]=2,y,,,trust_en,,
educational_material_en,form_1,,radio,Education/lectures/courses,"1, Extremely reliable | 2, Quite a bit reliable | 3, Moderately reliable | 4, Slightly reliable | 5, Not at all reliable",,,,,,[language]=2,y,,,trust_en,,
publication_en,form_1,,radio,"Publications, brochures or information materials","1, Extremely reliable | 2, Quite a bit reliable | 3, Moderately reliable | 4, Slightly reliable | 5, Not at all reliable",,,,,,[language]=2,y,,,trust_en,,
radio_en,form_1,,radio,The radio,"1, Extremely reliable | 2, Quite a bit reliable | 3, Moderately reliable | 4, Slightly reliable | 5, Not at all reliable",,,,,,[language]=2,y,,,trust_en,,
magazines_en,form_1,,radio,Magazines,"1, Extremely reliable | 2, Quite a bit reliable | 3, Moderately reliable | 4, Slightly reliable | 5, Not at all reliable",,,,,,[language]=2,y,,,trust_en,,
books_en,form_1,,radio,Books,"1, Extremely reliable | 2, Quite a bit reliable | 3, Moderately reliable | 4, Slightly reliable | 5, Not at all reliable",,,,,,[language]=2,y,,,trust_en,,
events_en,form_1,,radio,"Events (conferences, fairs, exhibitions, festivals, etc.)","1, Extremely reliable | 2, Quite a bit reliable | 3, Moderately reliable | 4, Slightly reliable | 5, Not at all reliable",,,,,,[language]=2,y,,,trust_en,,
politicans,form_1,,radio,Politicians,"1, Extremely reliable | 2, Quite a bit reliable | 3, Moderately reliable | 4, Slightly reliable | 5, Not at all reliable",,,,,,[language]=2,y,,,trust_en,,
community_environment_en,form_1,"Some people say they do not have enough information about the discussed topics. How about you? Do you have
enough information about this or would you like more information?",radio,The state of the environment in your community.,"1, Yes, I have enough information | 2, No, I would like more information | 3, No, and I don't wish to have more information | 4, Don't know",,,,,,[language]=2,y,,,more_info_en,,
effects_climate_change_en,form_1,,radio,The impact of climate change on the Cypriot population.,"1, Yes, I have enough information | 2, No, I would like more information | 3, No, and I don't wish to have more information | 4, Don't know",,,,,,[language]=2,y,,,more_info_en,,
protect_health_issues_en,form_1,,radio,What they can do to protect themselves and their family from environmental health problems.,"1, Yes, I have enough information | 2, No, I would like more information | 3, No, and I don't wish to have more information | 4, Don't know",,,,,,[language]=2,y,,,more_info_en,,
protect_from_cl_change_en,form_1,,radio,What they can do to protect themselves and their family from consequences of climate change.,"1, Yes, I have enough information | 2, No, I would like more information | 3, No, and I don't wish to have more information | 4, Don't know",,,,,,[language]=2,y,,,more_info_en,,
want_info_en,form_1,,checkbox,Choose up to 5 ways of how you would like to receive information regarding environmental health risks?,"1, Social media and the Internet | 2, Television news | 3, Films and documentaries | 4, Conversations with relatives, family, friends, neighbours, etc. | 5, Newspapers | 6, Medical doctors | 7, Education/lectures/courses | 8, brochures or information materials | 9, The radio | 10, Magazines | 11, Books | 12, Events (conferences, fairs, exhibitions, festivals, etc.) | 13, Politicians | 14, Other",,,,,,[language]=2,y,LV,,,,
other_info_2_en,form_1,,text,"If you chose other, please specify ",,,,,,,[language]=2,,LV,,,,
age_en,form_1,<center> General Information,text,Age ,,,integer,18,110,,[language]=2,y,LV,,,,
sex_en,form_1,,radio,Sex,"1, Male | 2, Female | 3, Prefer not to say",,,,,,[language]=2,y,LV,,,,
place_of_birth_en,form_1,,radio,How would you describe your place of birth?,"1, Large city | 2, Suburb near large city | 3, Small city | 4, Rural",,,,,,[language]=2,y,LV,,,,
education_level_en,form_1,,radio,Which is the highest level of education which you have successfully completed? Please include any training that you have received within your work.,"1, I have never been to school | 2, I have not completed Primary School | 3, Primary School | 4, Middle School (3 years) | 5, High School/ Vocational High School (diploma) | 6, Higher (after high school) non-tertiary Education | 7, Higher Tertiary Education (non-university) | 8, University (Bachelor degree) | 9, University- Postgraduate (Master's Degree) | 10, PhD",,,,,,[language]=2,y,LV,,,,
occupational_status_en,form_1,,radio,"	
Professional Status","1, Employed/ self-employed | 2, Retired | 3, Student | 4, Unemployed/ Out of employment | 5, Housekeeping",,,,,,[language]=2,y,LV,,,,
district_en,form_1,,radio,Where do you currently live?,"1, Paphos district | 2, Limassol district | 3, Nicosia district | 4, Famagusta district | 5, Lamaca district | 6, Other district | 7, Not living in Cyprus",,,,,,[language]=2,y,LV,,,,
area_discr_en,form_1,,radio,How would you describe your place of residence?,"1, Large city | 2, Suburb near large city | 3, Small city | 4, Rural",,,,,,[language]=2,y,LV,,,,
rate_area_en,form_1,,radio,How would you rate your community as a place to live?,"1, Very good | 2, Somewhat good | 3, Somewhat bad | 4, Very bad | 5, Don't know",,,,,,[language]=2,y,LV,,,,
marital_status_en,form_1,,radio,What is your marital status?,"1, Unmarried | 2, Married | 3, Divorced | 4, Widowed",,,,,,[language]=2,y,LV,,,,
children_en,form_1,,radio,"	
Do you have children?","1, Yes | 2, No",,,,,,[language]=2,y,LV,,,,
